{"cameraMode":{"drawMode":0,"name":"Shaded","section":"Shading Mode"},"sceneLighting":false,"audioPlay":false,"sceneViewState":{"m_AlwaysRefresh":true,"showFog":true,"showSkybox":false,"showFlares":true,"showImageEffects":true,"showParticleSystems":true,"showVisualEffectGraphs":true,"m_FxEnabled":true},"in2DMode":false,"pivot":{"x":-0.6729373931884766,"y":3.1566076278686525,"z":1.207512378692627},"rotation":{"x":-0.18273039162158967,"y":0.16077563166618348,"z":-0.030453402549028398,"w":-0.969534695148468},"size":2.4635000228881838,"orthographic":false}