{"cameraMode":{"drawMode":0,"name":"Shaded","section":"Shading Mode"},"sceneLighting":false,"audioPlay":false,"sceneViewState":{"m_AlwaysRefresh":true,"showFog":true,"showSkybox":false,"showFlares":true,"showImageEffects":true,"showParticleSystems":true,"showVisualEffectGraphs":true,"m_FxEnabled":true},"in2DMode":false,"pivot":{"x":-0.24527764320373536,"y":-0.5578389167785645,"z":-0.8682398796081543},"rotation":{"x":-0.029447145760059358,"y":-0.9604144096374512,"z":0.2549476623535156,"w":-0.10959116369485855},"size":7.442103862762451,"orthographic":false}