{"cameraMode":{"drawMode":0,"name":"Shaded","section":"Shading Mode"},"sceneLighting":false,"audioPlay":false,"sceneViewState":{"m_AlwaysRefresh":true,"showFog":true,"showSkybox":false,"showFlares":true,"showImageEffects":true,"showParticleSystems":true,"showVisualEffectGraphs":true,"m_FxEnabled":true},"in2DMode":false,"pivot":{"x":-0.6910610795021057,"y":-0.6551287770271301,"z":5.0256195068359379},"rotation":{"x":-0.0005275624571368098,"y":-0.9935044646263123,"z":0.0014597680419683457,"w":-0.11496790498495102},"size":2.9704372882843019,"orthographic":false}