{"cameraMode":{"drawMode":0,"name":"Shaded","section":"Shading Mode"},"sceneLighting":false,"audioPlay":false,"sceneViewState":{"m_AlwaysRefresh":false,"showFog":false,"showSkybox":false,"showFlares":false,"showImageEffects":false,"showParticleSystems":false,"showVisualEffectGraphs":true,"m_FxEnabled":true},"in2DMode":false,"pivot":{"x":0.1378362476825714,"y":0.06738202273845673,"z":-4.444700717926025},"rotation":{"x":-0.0006348095485009253,"y":-0.9932584166526794,"z":0.11708802729845047,"w":-0.01876796968281269},"size":3.173488140106201,"orthographic":false}