{"cameraMode":{"drawMode":0,"name":"Shaded","section":"Shading Mode"},"sceneLighting":false,"audioPlay":false,"sceneViewState":{"m_AlwaysRefresh":true,"showFog":true,"showSkybox":true,"showFlares":true,"showImageEffects":true,"showParticleSystems":true,"showVisualEffectGraphs":true,"m_FxEnabled":true},"in2DMode":false,"pivot":{"x":110.41291046142578,"y":1.327123761177063,"z":71.31507873535156},"rotation":{"x":0.015958428382873536,"y":0.9345981478691101,"z":-0.35307514667510989,"w":0.04202476143836975},"size":1.792253017425537,"orthographic":false}