{"cameraMode":{"drawMode":0,"name":"Shaded","section":"Shading Mode"},"sceneLighting":false,"audioPlay":false,"sceneViewState":{"m_AlwaysRefresh":true,"showFog":true,"showSkybox":false,"showFlares":true,"showImageEffects":true,"showParticleSystems":true,"showVisualEffectGraphs":true,"m_FxEnabled":true},"in2DMode":false,"pivot":{"x":-18.982036590576173,"y":-12.101341247558594,"z":-0.2169816493988037},"rotation":{"x":0.19388927519321443,"y":-0.7137247323989868,"z":0.21733614802360536,"w":0.6371262669563294},"size":15.807075500488282,"orthographic":false}