{"cameraMode":{"drawMode":0,"name":"Shaded","section":"Shading Mode"},"sceneLighting":false,"audioPlay":false,"sceneViewState":{"m_AlwaysRefresh":false,"showFog":false,"showSkybox":false,"showFlares":false,"showImageEffects":false,"showParticleSystems":false,"showVisualEffectGraphs":true,"m_FxEnabled":true},"in2DMode":false,"pivot":{"x":0.6708269119262695,"y":0.2957726716995239,"z":-0.01852715015411377},"rotation":{"x":0.11186838895082474,"y":0.8848445415496826,"z":-0.3578481376171112,"w":0.27661120891571047},"size":0.9505142569541931,"orthographic":false}