{"cameraMode":{"drawMode":0,"name":"Shaded","section":"Shading Mode"},"sceneLighting":false,"audioPlay":false,"sceneViewState":{"m_AlwaysRefresh":true,"showFog":true,"showSkybox":false,"showFlares":true,"showImageEffects":true,"showParticleSystems":true,"showVisualEffectGraphs":true,"m_FxEnabled":true},"in2DMode":false,"pivot":{"x":-0.579336941242218,"y":1.6000003814697266,"z":0.9685389995574951},"rotation":{"x":0.10326541215181351,"y":-0.8210082054138184,"z":0.15421345829963685,"w":0.5405054092407227},"size":1.8110769987106324,"orthographic":false}