{"cameraMode":{"drawMode":0,"name":"Shaded","section":"Shading Mode"},"sceneLighting":true,"audioPlay":false,"sceneViewState":{"m_AlwaysRefresh":true,"showFog":true,"showSkybox":false,"showFlares":true,"showImageEffects":true,"showParticleSystems":true,"showVisualEffectGraphs":true,"m_FxEnabled":true},"in2DMode":false,"pivot":{"x":-27.10116195678711,"y":0.23101913928985597,"z":-48.35939407348633},"rotation":{"x":-0.1385183334350586,"y":0.09337398409843445,"z":0.012619197368621827,"w":0.9862656593322754},"size":1.170435905456543,"orthographic":false}