{"cameraMode":{"drawMode":0,"name":"Shaded","section":"Shading Mode"},"sceneLighting":false,"audioPlay":false,"sceneViewState":{"m_AlwaysRefresh":true,"showFog":true,"showSkybox":false,"showFlares":true,"showImageEffects":true,"showParticleSystems":true,"showVisualEffectGraphs":true,"m_FxEnabled":true},"in2DMode":false,"pivot":{"x":-0.95477294921875,"y":-0.21565639972686768,"z":1.6463119983673096},"rotation":{"x":0.29076364636421206,"y":-0.05506854131817818,"z":0.016721203923225404,"w":0.955116868019104},"size":5.881593704223633,"orthographic":false}