{"cameraMode":{"drawMode":0,"name":"Shaded","section":"Shading Mode"},"sceneLighting":false,"audioPlay":false,"sceneViewState":{"m_AlwaysRefresh":true,"showFog":true,"showSkybox":false,"showFlares":true,"showImageEffects":true,"showParticleSystems":true,"showVisualEffectGraphs":true,"m_FxEnabled":true},"in2DMode":false,"pivot":{"x":1.1328110694885255,"y":0.024993890896439554,"z":-0.8114326000213623},"rotation":{"x":0.26814693212509158,"y":0.06675568222999573,"z":-0.018540019169449807,"w":0.9609647989273071},"size":1.6914033889770508,"orthographic":false}