{"cameraMode":{"drawMode":0,"name":"Shaded","section":"Shading Mode"},"sceneLighting":false,"audioPlay":false,"sceneViewState":{"m_AlwaysRefresh":true,"showFog":true,"showSkybox":false,"showFlares":true,"showImageEffects":true,"showParticleSystems":true,"showVisualEffectGraphs":true,"m_FxEnabled":true},"in2DMode":false,"pivot":{"x":-0.32599884271621706,"y":-0.6168228387832642,"z":0.9693065285682678},"rotation":{"x":0.1660122126340866,"y":-0.29522812366485598,"z":0.05223465338349342,"w":0.9395330548286438},"size":2.291403293609619,"orthographic":false}