{"cameraMode":{"drawMode":0,"name":"Shaded","section":"Shading Mode"},"sceneLighting":false,"audioPlay":false,"sceneViewState":{"m_AlwaysRefresh":true,"showFog":true,"showSkybox":false,"showFlares":true,"showImageEffects":true,"showParticleSystems":true,"showVisualEffectGraphs":true,"m_FxEnabled":true},"in2DMode":false,"pivot":{"x":0.37143149971961977,"y":0.13852688670158387,"z":-0.5892188549041748},"rotation":{"x":0.20458808541297913,"y":0.5565973520278931,"z":-0.14359764754772187,"w":0.7923880815505981},"size":1.6914033889770508,"orthographic":false}