{"cameraMode":{"drawMode":0,"name":"Shaded","section":"Shading Mode"},"sceneLighting":false,"audioPlay":false,"sceneViewState":{"m_AlwaysRefresh":true,"showFog":true,"showSkybox":false,"showFlares":true,"showImageEffects":true,"showParticleSystems":true,"showVisualEffectGraphs":true,"m_FxEnabled":true},"in2DMode":false,"pivot":{"x":0.41862019896507265,"y":0.9510970115661621,"z":5.480931758880615},"rotation":{"x":0.17847707867622376,"y":-0.05513738840818405,"z":0.010022507980465889,"w":0.9824198484420776},"size":1.830744743347168,"orthographic":false}