{"cameraMode":{"drawMode":0,"name":"Shaded","section":"Shading Mode"},"sceneLighting":false,"audioPlay":false,"sceneViewState":{"m_AlwaysRefresh":true,"showFog":true,"showSkybox":false,"showFlares":true,"showImageEffects":true,"showParticleSystems":true,"showVisualEffectGraphs":true,"m_FxEnabled":true},"in2DMode":false,"pivot":{"x":2.0747008323669435,"y":0.25849640369415285,"z":2.5836081504821779},"rotation":{"x":0.24192534387111665,"y":-0.4497720003128052,"z":0.12798725068569184,"w":0.8502600193023682},"size":2.4307446479797365,"orthographic":false}