{"cameraMode":{"drawMode":0,"name":"Shaded","section":"Shading Mode"},"sceneLighting":false,"audioPlay":false,"sceneViewState":{"m_AlwaysRefresh":true,"showFog":true,"showSkybox":false,"showFlares":true,"showImageEffects":true,"showParticleSystems":true,"showVisualEffectGraphs":true,"m_FxEnabled":true},"in2DMode":false,"pivot":{"x":3.9072647094726564,"y":-4.391353607177734,"z":13.984466552734375},"rotation":{"x":-0.19261784851551057,"y":-0.0071451738476753239,"z":0.0012022904120385647,"w":-0.9813574552536011},"size":13.057097434997559,"orthographic":false}