{"cameraMode":{"drawMode":0,"name":"Shaded","section":"Shading Mode"},"sceneLighting":false,"audioPlay":false,"sceneViewState":{"m_AlwaysRefresh":true,"showFog":true,"showSkybox":false,"showFlares":true,"showImageEffects":true,"showParticleSystems":true,"showVisualEffectGraphs":true,"m_FxEnabled":true},"in2DMode":false,"pivot":{"x":-0.15211009979248048,"y":1.3736300468444825,"z":-0.6807941198348999},"rotation":{"x":-0.013987812213599682,"y":0.9776847958564758,"z":-0.19799311459064485,"w":-0.06905443221330643},"size":2.811357021331787,"orthographic":false}