{"cameraMode":{"drawMode":0,"name":"Shaded","section":"Shading Mode"},"sceneLighting":false,"audioPlay":false,"sceneViewState":{"m_AlwaysRefresh":true,"showFog":true,"showSkybox":false,"showFlares":true,"showImageEffects":true,"showParticleSystems":true,"showVisualEffectGraphs":true,"m_FxEnabled":true},"in2DMode":false,"pivot":{"x":-1.4898556470870972,"y":2.5688250064849855,"z":-0.7041037678718567},"rotation":{"x":0.031112199649214746,"y":0.8822789192199707,"z":-0.05884392559528351,"w":0.46605679392814639},"size":1.3113572597503663,"orthographic":false}