{"cameraMode":{"drawMode":0,"name":"Shaded","section":"Shading Mode"},"sceneLighting":false,"audioPlay":false,"sceneViewState":{"m_AlwaysRefresh":true,"showFog":true,"showSkybox":false,"showFlares":true,"showImageEffects":true,"showParticleSystems":true,"showVisualEffectGraphs":true,"m_FxEnabled":true},"in2DMode":false,"pivot":{"x":0.00000476837158203125,"y":8.618143081665039,"z":-0.38276129961013796},"rotation":{"x":-0.09423656016588211,"y":0.8949531316757202,"z":-0.3729166090488434,"w":-0.22614993155002595},"size":12.505142211914063,"orthographic":false}