{"cameraMode":{"drawMode":0,"name":"Shaded","section":"Shading Mode"},"sceneLighting":false,"audioPlay":false,"sceneViewState":{"m_AlwaysRefresh":true,"showFog":true,"showSkybox":false,"showFlares":true,"showImageEffects":true,"showParticleSystems":true,"showVisualEffectGraphs":true,"m_FxEnabled":true},"in2DMode":false,"pivot":{"x":1.1920928955078126e-7,"y":0.034999966621398929,"z":-2.384185791015625e-7},"rotation":{"x":0.17590388655662538,"y":-0.6482771635055542,"z":0.1556258499622345,"w":0.7246556282043457},"size":2.8980796337127687,"orthographic":false}