{"cameraMode":{"drawMode":0,"name":"Shaded","section":"Shading Mode"},"sceneLighting":false,"audioPlay":false,"sceneViewState":{"m_AlwaysRefresh":true,"showFog":true,"showSkybox":false,"showFlares":true,"showImageEffects":true,"showParticleSystems":true,"showVisualEffectGraphs":true,"m_FxEnabled":true},"in2DMode":false,"pivot":{"x":-2.272049903869629,"y":1.0837621688842774,"z":2.7482457160949709},"rotation":{"x":0.22980044782161714,"y":-0.07201941311359406,"z":0.017074113711714746,"w":0.9704726934432983},"size":11.09721851348877,"orthographic":false}