{"cameraMode":{"drawMode":0,"name":"Shaded","section":"Shading Mode"},"sceneLighting":false,"audioPlay":false,"sceneViewState":{"m_AlwaysRefresh":true,"showFog":true,"showSkybox":true,"showFlares":true,"showImageEffects":true,"showParticleSystems":true,"showVisualEffectGraphs":true,"m_FxEnabled":true},"in2DMode":false,"pivot":{"x":-17.023012161254884,"y":-25.660175323486329,"z":10.014161109924317},"rotation":{"x":0.36835992336273196,"y":-0.4841967225074768,"z":0.2359970062971115,"w":0.7579460740089417},"size":20.530567169189454,"orthographic":false}