{"cameraMode":{"drawMode":0,"name":"Shaded","section":"Shading Mode"},"sceneLighting":true,"audioPlay":false,"sceneViewState":{"m_AlwaysRefresh":true,"showFog":true,"showSkybox":true,"showFlares":true,"showImageEffects":true,"showParticleSystems":true,"showVisualEffectGraphs":true,"m_FxEnabled":true},"in2DMode":false,"pivot":{"x":28.36712074279785,"y":6.855506896972656,"z":55.78904724121094},"rotation":{"x":-0.015311726368963719,"y":-0.14129668474197389,"z":0.003240289632230997,"w":-0.9902254939079285},"size":31.81013298034668,"orthographic":false}