{"cameraMode":{"drawMode":0,"name":"Shaded","section":"Shading Mode"},"sceneLighting":false,"audioPlay":false,"sceneViewState":{"m_AlwaysRefresh":true,"showFog":true,"showSkybox":false,"showFlares":true,"showImageEffects":true,"showParticleSystems":true,"showVisualEffectGraphs":true,"m_FxEnabled":true},"in2DMode":false,"pivot":{"x":0.5803219079971314,"y":2.334118127822876,"z":-0.008068309165537358},"rotation":{"x":0.1681319624185562,"y":-0.5954297184944153,"z":0.12730306386947633,"w":0.7756500244140625},"size":0.773488461971283,"orthographic":false}