{"cameraMode":{"drawMode":0,"name":"Shaded","section":"Shading Mode"},"sceneLighting":false,"audioPlay":false,"sceneViewState":{"m_AlwaysRefresh":true,"showFog":true,"showSkybox":false,"showFlares":true,"showImageEffects":true,"showParticleSystems":true,"showVisualEffectGraphs":true,"m_FxEnabled":true},"in2DMode":false,"pivot":{"x":-2.6561951637268068,"y":-20.772846221923829,"z":-28.246768951416017},"rotation":{"x":0.009535131976008416,"y":0.9822848439216614,"z":-0.1814710646867752,"w":0.04852236434817314},"size":5.08320426940918,"orthographic":false}