{"cameraMode":{"drawMode":0,"name":"Shaded","section":"Shading Mode"},"sceneLighting":false,"audioPlay":false,"sceneViewState":{"m_AlwaysRefresh":true,"showFog":true,"showSkybox":false,"showFlares":true,"showImageEffects":true,"showParticleSystems":true,"showVisualEffectGraphs":true,"m_FxEnabled":true},"in2DMode":false,"pivot":{"x":0.36391255259513857,"y":2.5645596981048586,"z":-2.3577117919921877},"rotation":{"x":-0.24226625263690949,"y":-0.055866699665784839,"z":0.013965804129838944,"w":-0.9685202836990356},"size":2.5479278564453127,"orthographic":false}