{"cameraMode":{"drawMode":0,"name":"Shaded","section":"Shading Mode"},"sceneLighting":false,"audioPlay":false,"sceneViewState":{"m_AlwaysRefresh":true,"showFog":true,"showSkybox":false,"showFlares":true,"showImageEffects":true,"showParticleSystems":true,"showVisualEffectGraphs":true,"m_FxEnabled":true},"in2DMode":false,"pivot":{"x":-0.8190891146659851,"y":1.7832043170928956,"z":-4.777639389038086},"rotation":{"x":0.0030851580668240787,"y":-0.9951522350311279,"z":0.09194325655698776,"w":0.03832218050956726},"size":7.256704807281494,"orthographic":false}