{"cameraMode":{"drawMode":0,"name":"Shaded","section":"Shading Mode"},"sceneLighting":false,"audioPlay":false,"sceneViewState":{"m_AlwaysRefresh":false,"showFog":false,"showSkybox":false,"showFlares":false,"showImageEffects":false,"showParticleSystems":false,"showVisualEffectGraphs":true,"m_FxEnabled":true},"in2DMode":false,"pivot":{"x":0.7535937428474426,"y":0.43771791458129885,"z":0.24703431129455567},"rotation":{"x":-0.03949558362364769,"y":-0.9589895606040955,"z":0.2160981297492981,"w":-0.18083655834197999},"size":1.4660253524780274,"orthographic":false}