{"cameraMode":{"drawMode":0,"name":"Shaded","section":"Shading Mode"},"sceneLighting":false,"audioPlay":false,"sceneViewState":{"m_AlwaysRefresh":false,"showFog":false,"showSkybox":false,"showFlares":false,"showImageEffects":false,"showParticleSystems":false,"showVisualEffectGraphs":true,"m_FxEnabled":true},"in2DMode":false,"pivot":{"x":0.4893553853034973,"y":-0.9862492084503174,"z":-1.4538030624389649},"rotation":{"x":-0.04644961655139923,"y":-0.9473041892051697,"z":0.27009060978889468,"w":-0.16784025728702546},"size":1.4660253524780274,"orthographic":false}